id,sample_date,salmonella_result
care-008,2026-09-15,Positive
care-010,,Negative
care-012,,Negative
care-020,2026-09-16,Positive
care-021,2026-09-15,Positive
care-022,2026-09-15,Negative
care-023,2026-09-15,Negative
care-028,,Negative
care-033,2026-09-17,Negative
care-037,2026-09-19,Negative
care-038,2026-09-15,Negative
care-039,,Negative
care-040,2026-09-15,Positive
care-042,2026-09-13,Negative
care-043,2026-09-15,Positive
care-045,2026-09-18,Negative
care-046,2026-09-15,Positive
care-047,2026-09-15,Positive
care-051,2026-09-15,Negative
care-052,2026-09-15,Positive
care-055,2026-09-16,Positive
care-066,2026-09-16,Positive
care-067,2026-09-17,Negative
care-068,2026-09-15,Positive
care-069,2026-09-14,Negative
care-070,2026-09-17,Negative
care-072,2026-09-15,Positive
care-073,2026-09-15,Positive
care-074,2026-09-17,Negative
care-076,2026-09-16,Positive
care-077,2026-09-15,Positive
care-079,2026-09-15,Negative
care-081,2026-09-15,Negative
care-083,2026-09-15,Positive
care-084,2026-09-16,Negative
care-087,2026-09-16,Positive
care-088,2026-09-16,Positive
care-091,2026-09-15,Positive
care-095,2026-09-15,Positive
care-097,2026-09-16,Positive
care-099,2026-09-15,Positive
care-103,2026-09-15,Positive
care-110,2026-09-15,Positive
care-111,2026-09-16,Positive
care-113,2026-09-15,Positive
care-119,2026-09-15,Negative
care-120,2026-09-15,Positive
care-122,2026-09-16,Positive
care-125,2026-09-18,Negative
care-130,2026-09-13,Negative
care-132,,Negative
care-136,2026-09-15,Positive
care-137,2026-09-15,Negative
care-141,2026-09-17,Negative
care-142,2026-09-16,Positive
care-143,2026-09-16,Positive
care-144,2026-09-17,Negative
care-146,2026-09-19,Negative
care-147,2026-09-18,Negative
care-148,2026-09-16,Positive
care-159,2026-09-12,Negative
care-161,2026-09-16,Negative
care-163,2026-09-15,Positive
care-164,2026-09-15,Negative
care-165,2026-09-16,Positive
care-167,2026-09-15,Positive
