id,sex,age,group,buffet,diarrhoea,vomiting,abdo,fever,nausea,starthour,dayonset,russian_salad,russian_saladD,spanish_tortilla,spanish_tortillaD,jamon,jamonD,chicken,chickenD,watermelon,watermelonD,wine,wineD,water,waterD,croquettes,croquettesD,cheese,cheeseD
care-001,female,50,family,1,0,0,0,0,0,,,1,1,1,2,1,2,1,3,1,3,0,0,1,2,1,3,1,2
care-002,male,45,family,1,0,0,0,0,0,,,0,0,1,3,0,0,0,0,1,1,0,0,1,3,1,1,1,2
care-003,female,39,family,1,0,0,0,0,0,,,1,1,1,3,0,0,1,1,0,0,1,1,1,1,0,0,1,3
care-004,female,38,family,1,0,0,0,0,0,,,1,3,1,3,1,3,0,0,0,0,0,0,1,3,0,0,1,3
care-005,female,31,family,1,0,0,0,0,0,,,0,0,1,2,0,0,1,3,1,2,0,0,1,1,1,2,0,0
care-006,female,42,family,1,0,0,0,0,0,,,0,0,0,0,1,1,0,0,1,2,0,0,1,2,1,2,0,0
care-007,female,44,family,1,0,0,0,0,0,,,0,0,1,1,1,2,1,1,1,2,1,2,1,2,0,0,0,0
care-008,male,31,family,1,1,0,1,1,0,10,14sep.2026,1,3,1,3,1,2,0,0,0,0,0,0,1,3,1,1,0,0
care-009,male,23,family,1,0,0,0,0,0,,,0,0,0,0,1,3,1,2,1,2,1,1,1,3,1,3,1,1
care-010,female,29,family,1,0,0,0,0,0,,,0,0,0,0,0,0,1,3,1,1,0,0,1,3,1,3,1,1
care-011,male,4,family,1,0,0,0,0,0,,,1,3,1,3,1,1,1,2,1,2,0,0,1,3,0,0,1,3
care-012,female,190,family,1,0,0,0,0,0,,,1,2,1,3,1,3,1,1,0,0,0,0,1,2,1,2,1,3
care-013,male,63,family,1,0,0,0,0,0,,,1,3,1,3,1,1,1,2,0,0,0,0,1,1,1,3,1,1
care-014,male,21,family,1,0,0,0,0,0,,,0,0,0,0,1,1,1,3,1,3,0,0,1,1,0,0,0,0
care-015,female,51,family,1,0,0,0,0,0,,,0,0,0,0,0,0,1,2,1,2,1,1,1,1,0,0,0,0
care-016,female,42,family,1,0,0,0,0,0,,,0,0,1,2,1,1,1,3,1,2,1,3,0,0,1,1,1,3
care-017,male,27,family,1,0,0,0,0,0,,,1,3,0,0,1,1,0,0,1,2,0,0,1,2,0,0,1,2
care-018,female,39,family,0,,,,,,,,,,,,,,,,,,,,,,,,,
care-019,male,30,family,1,0,0,0,0,0,,,0,0,1,1,1,2,1,3,1,2,1,3,0,0,0,0,1,2
care-020,female,64,family,1,1,0,1,1,1,4,15sep.2026,0,0,0,0,1,2,0,0,1,1,0,0,1,2,0,0,1,3
care-021,male,46,family,1,1,0,1,0,1,11,14sep.2026,1,1,1,3,1,1,1,3,0,0,0,0,1,3,1,3,0,0
care-022,male,40,family,1,1,0,1,0,0,11,14sep.2026,1,2,1,1,0,0,0,0,0,0,1,1,1,1,1,1,1,3
care-023,female,37,family,1,1,0,0,1,0,9,14sep.2026,1,2,1,1,0,0,1,1,0,0,1,1,1,3,1,3,1,2
care-024,male,30,family,1,0,0,0,0,0,,,1,1,0,0,1,2,1,1,1,1,1,3,1,2,0,0,0,0
care-025,male,51,family,1,0,0,0,0,0,,,0,0,1,1,1,3,0,0,0,0,0,0,1,2,0,0,1,1
care-026,male,45,family,1,0,0,0,0,0,,,0,0,1,2,1,1,1,1,1,2,0,0,1,2,0,0,1,2
care-027,male,53,family,1,0,0,0,0,0,,,0,0,0,0,1,2,0,0,1,2,1,1,1,1,1,1,0,0
care-028,female,55,family,1,0,0,0,0,0,,,0,0,0,0,1,1,1,2,1,3,1,2,1,2,1,3,0,0
care-029,male,61,family,1,0,0,0,0,0,,,0,0,0,0,0,0,1,1,0,0,1,3,1,2,0,0,0,0
care-030,female,49,family,1,0,0,0,0,0,,,1,1,1,3,1,3,1,1,1,2,0,0,1,1,1,3,0,0
care-031,female,29,family,1,0,0,0,0,0,,,0,0,1,3,1,1,1,1,1,2,1,1,1,3,1,1,1,3
care-032,male,20,family,0,,,,,,,,,,,,,,,,,,,,,,,,,
care-033,male,51,family,1,1,0,1,1,1,0,16sep.2026,1,1,1,2,1,1,0,0,1,1,1,1,1,3,1,2,1,3
care-034,female,53,family,1,0,0,0,0,0,,,1,2,1,2,1,2,0,0,1,2,1,1,1,1,1,2,1,1
care-035,female,43,family,1,0,0,0,0,0,,,0,0,1,3,1,2,0,0,0,0,0,0,1,3,1,2,0,0
care-036,female,43,family,1,0,0,0,0,0,,,1,3,1,3,1,1,0,0,1,3,0,0,1,2,0,0,1,3
care-037,female,35,family,1,0,0,0,0,1,3,18sep.2026,0,0,0,0,1,3,1,2,0,0,0,0,1,3,1,3,0,0
care-038,female,59,family,1,0,1,0,0,0,5,14sep.2026,0,0,1,2,1,3,1,1,1,1,1,3,1,3,1,3,1,3
care-039,female,66,family,1,0,0,0,0,0,,,0,0,0,0,1,3,0,0,1,2,0,0,1,1,1,2,1,1
care-040,male,33,family,1,1,1,1,1,0,21,14sep.2026,1,1,1,1,1,3,1,1,0,0,0,0,1,1,0,0,1,1
care-041,male,46,family,1,0,0,0,0,0,,,1,2,0,0,1,1,0,0,1,3,1,2,0,0,1,1,1,3
care-042,male,56,family,1,1,0,0,0,0,16,12sep.2026,1,1,1,2,1,3,0,0,1,1,0,0,1,1,0,0,1,1
care-043,female,53,family,1,1,1,0,1,1,11,14sep.2026,1,2,0,0,1,2,0,0,1,2,1,3,1,3,1,1,1,2
care-044,female,28,family,1,0,0,0,0,0,,,0,0,0,0,1,1,1,2,1,3,1,3,1,1,1,2,1,3
care-045,female,43,family,1,0,0,0,1,0,4,17sep.2026,1,3,1,3,1,2,1,1,0,0,0,0,1,2,0,0,1,2
care-046,male,54,family,1,1,1,0,0,1,22,14sep.2026,1,2,1,1,1,1,1,2,1,3,0,0,0,0,0,0,1,2
care-047,male,47,family,1,1,0,1,1,0,14,14sep.2026,1,2,1,3,1,1,0,0,1,2,1,1,1,1,0,0,0,0
care-048,female,63,family,0,,,,,,,,,,,,,,,,,,,,,,,,,
care-049,male,45,family,0,,,,,,,,,,,,,,,,,,,,,,,,,
care-050,female,26,family,1,0,0,0,0,0,,,0,0,0,0,0,0,1,3,1,3,1,3,1,3,1,2,0,0
care-051,male,42,family,1,0,1,1,0,0,11,14sep.2026,1,1,1,1,1,3,0,0,0,0,0,0,1,1,0,0,1,1
care-052,female,38,family,1,1,1,1,1,1,15,14sep.2026,1,2,1,2,1,2,1,1,0,0,0,0,1,1,0,0,1,3
care-053,female,37,family,1,0,0,0,0,0,,,0,0,0,0,1,3,1,2,0,0,1,3,1,3,0,0,0,0
care-054,male,12,family,1,0,0,0,0,0,,,0,0,0,0,1,3,0,0,1,2,1,1,1,1,1,2,1,3
care-055,male,55,family,1,0,0,1,0,0,3,15sep.2026,1,2,1,2,1,1,0,0,1,1,0,0,1,1,0,0,1,1
care-056,male,56,family,1,0,0,0,0,0,,,0,0,0,0,0,0,0,0,0,0,1,3,1,2,1,2,1,3
care-057,female,50,family,1,0,0,0,0,0,,,1,3,1,1,1,1,1,2,0,0,0,0,1,1,0,0,1,3
care-058,male,39,family,1,0,0,0,0,0,,,1,1,0,0,1,1,1,2,1,3,1,3,1,1,0,0,0,0
care-059,female,23,family,1,0,0,0,0,0,,,1,2,1,2,1,2,0,0,0,0,1,1,1,1,1,3,0,0
care-060,female,36,family,0,,,,,,,,,,,,,,,,,,,,,,,,,
care-061,male,25,family,1,0,0,0,0,0,,,0,0,0,0,1,2,1,2,1,3,1,1,0,0,0,0,0,0
care-062,male,54,family,1,0,0,0,0,0,,,1,1,1,2,0,0,1,1,1,2,0,0,0,0,1,2,0,0
care-063,female,37,family,1,0,0,0,0,0,,,0,0,0,0,1,2,0,0,1,1,1,2,1,3,1,1,1,3
care-064,male,42,family,1,0,0,0,0,0,,,1,2,0,0,0,0,1,3,1,2,1,3,1,1,1,1,1,1
care-065,female,24,family,1,0,0,0,0,0,,,0,0,0,0,1,3,0,0,1,3,1,1,1,1,1,2,1,3
care-066,female,33,family,1,1,0,1,0,1,6,15sep.2026,1,2,1,3,1,1,1,3,0,0,1,2,1,2,0,0,1,2
care-067,female,64,family,1,0,0,1,0,0,10,16sep.2026,0,0,0,0,1,1,1,2,0,0,0,0,1,3,1,3,1,3
care-068,female,37,family,1,1,0,0,1,1,7,14sep.2026,1,2,0,0,1,3,1,2,1,3,1,3,0,0,0,0,0,0
care-069,female,34,family,1,0,0,1,0,0,2,13sep.2026,0,0,1,2,1,2,1,1,1,1,0,0,1,2,0,0,1,2
care-070,male,28,family,1,0,0,1,0,0,5,16sep.2026,1,2,1,1,1,3,1,2,1,2,1,1,1,1,1,2,1,2
care-071,female,40,family,1,0,0,0,0,0,,,0,0,1,3,0,0,0,0,0,0,1,1,1,2,1,3,1,2
care-072,male,56,family,1,1,0,1,1,0,5,14sep.2026,0,0,0,0,1,1,0,0,1,3,0,0,1,1,1,3,1,3
care-073,female,24,family,1,1,1,1,1,0,5,14sep.2026,0,0,0,0,0,0,0,0,1,3,1,1,1,3,1,1,1,2
care-074,male,40,family,1,1,0,0,0,0,18,16sep.2026,0,0,0,0,0,0,1,1,1,2,0,0,1,3,1,2,1,2
care-075,female,43,family,1,0,0,0,0,0,,,1,2,1,3,1,2,1,3,0,0,1,2,1,1,1,2,1,1
care-076,female,41,family,1,1,0,0,0,1,5,15sep.2026,1,2,1,2,0,0,1,3,0,0,0,0,1,3,1,1,0,0
care-077,male,28,family,1,1,0,1,1,1,8,14sep.2026,1,3,0,0,1,3,1,1,1,3,1,2,1,2,0,0,1,3
care-078,female,8,family,1,0,0,0,0,0,,,1,3,0,0,1,2,1,1,1,3,1,1,1,3,1,3,1,2
care-079,female,39,family,1,1,1,1,1,0,16,14sep.2026,0,0,0,0,1,2,0,0,0,0,1,3,0,0,0,0,1,2
care-080,female,35,family,1,0,0,0,0,0,,,0,0,1,2,1,3,1,2,0,0,0,0,1,1,1,1,1,3
care-081,female,27,family,1,1,1,1,0,1,16,14sep.2026,1,3,1,1,0,0,1,3,1,2,0,0,1,3,0,0,1,1
care-082,female,36,family,1,0,0,0,0,0,,,0,0,0,0,1,3,0,0,0,0,0,0,1,2,0,0,0,0
care-083,female,65,family,1,1,1,1,0,1,22,14sep.2026,1,3,1,2,1,2,1,1,1,2,1,1,1,1,1,1,1,1
care-084,female,62,family,1,0,0,1,0,0,11,15sep.2026,1,3,1,2,1,1,1,3,0,0,0,0,1,1,0,0,1,3
care-085,male,49,family,1,0,0,0,0,0,,,0,0,0,0,0,0,0,0,0,0,0,0,1,2,0,0,1,3
care-086,male,-35,family,1,0,0,0,0,0,,,0,0,0,0,1,3,1,1,1,1,1,3,1,3,0,0,1,3
care-087,male,38,family,1,1,1,1,1,0,15,15sep.2026,1,2,1,1,1,3,1,1,1,2,1,1,1,3,0,0,1,1
care-088,female,41,family,1,1,1,0,1,1,11,15sep.2026,1,1,1,3,0,0,1,3,1,1,1,3,1,1,1,1,1,2
care-089,female,52,family,1,0,0,0,0,0,,,0,0,0,0,1,1,1,2,1,2,1,2,1,3,1,2,0,0
care-090,female,30,family,1,0,0,0,0,0,,,0,0,1,1,1,1,1,1,1,2,0,0,1,3,1,1,0,0
care-091,male,42,family,1,1,1,1,0,0,15,14sep.2026,1,3,0,0,0,0,1,2,1,2,1,1,1,3,0,0,0,0
care-092,male,48,family,1,0,0,0,0,0,,,0,0,1,2,1,1,1,1,0,0,1,1,1,3,1,3,1,1
care-093,male,47,family,1,0,0,0,0,0,,,0,0,1,2,0,0,1,1,1,1,1,2,1,3,1,2,1,3
care-094,female,35,family,1,0,0,0,0,0,,,0,0,0,0,1,3,1,1,1,2,0,0,1,2,0,0,1,2
care-095,male,28,family,1,1,0,1,0,1,13,14sep.2026,1,2,0,0,0,0,1,2,0,0,0,0,1,2,1,2,1,3
care-096,female,35,family,1,0,0,0,0,0,,,1,3,1,3,1,1,1,2,1,2,1,2,0,0,0,0,0,0
care-097,male,55,family,1,1,0,1,1,1,18,15sep.2026,1,1,1,3,1,1,1,1,0,0,1,3,0,0,1,1,0,0
care-098,male,61,family,1,0,0,0,0,0,,,0,0,1,2,0,0,1,2,0,0,0,0,1,2,1,3,0,0
care-099,male,47,family,1,1,0,1,0,1,8,14sep.2026,1,1,1,3,0,0,1,2,1,3,1,3,1,3,0,0,0,0
care-100,male,45,family,1,0,0,0,0,0,,,0,0,0,0,1,1,1,1,1,1,1,3,1,2,1,1,0,0
care-101,female,38,family,1,0,0,0,0,0,,,0,0,1,1,1,1,0,0,1,1,1,3,1,2,1,3,1,1
care-102,female,44,family,1,0,0,0,0,0,,,0,0,0,0,1,2,0,0,0,0,1,3,1,1,1,3,1,2
care-103,female,19,family,1,1,1,1,0,0,10,14sep.2026,1,2,0,0,1,2,1,1,0,0,0,0,1,1,1,3,1,1
care-104,male,30,family,1,0,0,0,0,0,,,0,0,0,0,1,2,1,3,0,0,1,1,1,3,1,2,1,1
care-105,female,49,family,1,0,0,0,0,0,,,0,0,0,0,1,1,1,2,1,1,0,0,1,2,1,2,0,0
care-106,female,41,family,0,,,,,,,,,,,,,,,,,,,,,,,,,
care-107,female,22,family,1,0,0,0,0,0,,,0,0,1,2,0,0,0,0,0,0,1,2,1,3,1,2,1,2
care-108,male,47,family,1,0,0,0,0,0,,,1,3,1,1,1,2,1,1,0,0,0,0,1,1,1,2,0,0
care-109,female,46,family,1,0,0,0,0,0,,,1,1,0,0,1,2,1,1,0,0,1,1,1,1,0,0,1,3
care-110,female,67,family,1,1,1,1,1,1,22,14sep.2026,1,1,1,1,1,2,0,0,1,2,0,0,1,2,1,1,1,2
care-111,male,34,family,1,1,1,1,1,0,7,15sep.2026,1,2,1,1,1,1,1,3,0,0,1,3,1,1,1,1,1,2
care-112,male,45,family,1,0,0,0,0,0,,,1,2,1,3,1,1,1,1,0,0,0,0,1,2,1,3,1,2
care-113,male,34,family,1,1,1,1,0,1,16,14sep.2026,1,1,1,2,0,0,1,2,1,3,0,0,1,3,1,2,0,0
care-114,female,42,family,1,0,0,0,0,0,,,1,2,1,2,1,2,0,0,1,3,0,0,1,1,1,2,0,0
care-115,male,42,family,1,0,0,0,0,0,,,0,0,0,0,1,1,1,1,0,0,0,0,0,0,1,1,1,3
care-116,male,47,family,1,0,0,0,0,0,,,0,0,0,0,1,3,0,0,0,0,1,2,1,1,1,1,0,0
care-117,male,46,family,1,0,0,0,0,0,,,0,0,1,2,0,0,0,0,1,3,0,0,1,1,1,2,1,1
care-118,male,43,family,1,0,0,0,0,0,,,0,0,0,0,1,1,1,1,1,3,1,1,1,2,0,0,0,0
care-119,female,34,family,1,0,1,0,0,0,6,14sep.2026,1,3,1,1,1,2,1,2,1,3,1,2,1,3,0,0,0,0
care-120,female,38,family,1,1,1,0,1,0,11,14sep.2026,1,3,1,3,1,1,1,3,1,3,1,3,0,0,0,0,0,0
care-121,male,41,family,1,0,0,0,0,0,,,1,1,0,0,1,3,1,1,1,1,1,3,1,2,1,3,1,3
care-122,female,37,family,1,1,1,1,1,1,4,15sep.2026,1,1,1,1,1,2,1,1,1,3,1,2,1,1,1,1,1,2
care-123,male,86,resident,1,0,0,0,0,0,,,0,0,1,2,0,0,1,2,1,1,0,0,1,3,1,2,1,1
care-124,female,74,resident,1,0,0,0,0,0,,,0,0,0,0,1,1,1,2,0,0,0,0,1,3,0,0,0,0
care-125,female,85,resident,1,0,0,1,0,0,15,17sep.2026,0,0,0,0,1,2,1,2,1,2,0,0,1,3,0,0,0,0
care-126,male,85,resident,1,0,0,0,0,0,,,0,0,1,3,0,0,0,0,0,0,0,0,1,1,1,3,0,0
care-127,female,80,resident,1,0,0,0,0,0,,,0,0,0,0,0,0,1,3,1,3,0,0,1,2,0,0,1,2
care-128,male,83,resident,1,0,0,0,0,0,,,0,0,0,0,1,3,1,3,0,0,0,0,1,3,1,2,1,3
care-129,female,77,resident,1,0,0,0,0,0,,,1,2,1,2,1,3,0,0,0,0,0,0,1,1,0,0,1,3
care-130,female,67,resident,1,0,0,1,0,0,16,12sep.2026,1,2,0,0,1,3,0,0,1,1,0,0,1,1,1,1,0,0
care-131,female,75,resident,1,0,0,0,0,0,,,1,2,0,0,0,0,0,0,1,3,0,0,1,3,1,1,0,0
care-132,male,71,resident,1,0,0,0,0,0,,,0,0,0,0,1,3,1,3,1,1,0,0,1,2,1,3,1,2
care-133,female,69,resident,1,0,0,0,0,0,,,0,0,0,0,0,0,0,0,0,0,0,0,1,1,0,0,0,0
care-134,female,77,resident,1,0,0,0,0,0,,,0,0,0,0,0,0,1,2,1,2,0,0,1,3,1,3,0,0
care-135,female,73,resident,1,0,0,0,0,0,,,0,0,0,0,1,1,1,3,0,0,0,0,1,3,1,3,0,0
care-136,female,82,resident,1,1,0,1,1,0,13,14sep.2026,1,2,1,3,1,2,0,0,1,3,0,0,1,2,1,2,0,0
care-137,female,66,resident,1,0,1,0,0,0,20,14sep.2026,0,0,0,0,0,0,1,3,0,0,0,0,1,1,1,3,0,0
care-138,male,67,resident,1,0,0,0,0,0,,,0,0,0,0,0,0,0,0,1,2,0,0,1,1,0,0,1,3
care-139,male,72,resident,1,0,0,0,0,0,,,0,0,0,0,0,0,1,3,1,2,0,0,1,2,1,1,1,2
care-140,male,66,resident,1,0,0,0,0,0,,,1,3,0,0,1,3,1,3,1,1,0,0,1,1,1,1,1,3
care-141,male,79,resident,1,0,0,0,0,1,18,16sep.2026,0,0,0,0,1,3,1,2,1,2,0,0,1,2,1,3,1,1
care-142,male,74,resident,1,1,1,1,1,1,2,15sep.2026,1,3,0,0,0,0,0,0,1,1,0,0,0,0,1,2,0,0
care-143,male,89,resident,1,1,0,1,0,1,8,15sep.2026,1,2,0,0,1,1,0,0,1,1,0,0,1,3,0,0,0,0
care-144,female,72,resident,1,1,0,0,0,0,22,16sep.2026,1,2,1,1,0,0,0,0,1,2,0,0,1,2,1,2,1,2
care-145,female,86,resident,1,0,0,0,0,0,,,0,0,0,0,1,1,1,2,1,2,0,0,1,3,0,0,0,0
care-146,female,80,resident,1,0,0,0,0,1,0,18sep.2026,0,0,0,0,1,1,0,0,0,0,0,0,1,1,1,3,1,1
care-147,female,84,resident,1,0,0,0,0,1,3,17sep.2026,0,0,0,0,1,2,0,0,0,0,0,0,1,1,1,3,1,1
care-148,male,83,resident,1,1,1,1,0,1,17,15sep.2026,0,0,1,2,0,0,0,0,1,2,0,0,1,1,1,1,0,0
care-149,female,73,resident,1,0,0,0,0,0,,,1,2,1,1,0,0,1,2,0,0,0,0,1,1,1,2,0,0
care-150,male,77,resident,1,0,0,0,0,0,,,0,0,1,1,0,0,0,0,0,0,0,0,0,0,1,2,0,0
care-151,female,74,resident,1,0,0,0,0,0,,,1,3,0,0,0,0,1,3,0,0,0,0,1,2,0,0,0,0
care-152,female,79,resident,1,0,0,0,0,0,,,1,3,0,0,1,1,1,2,0,0,0,0,1,1,1,2,1,3
care-153,male,70,resident,1,0,0,0,0,0,,,1,3,0,0,0,0,1,3,0,0,0,0,1,2,1,1,0,0
care-154,female,86,resident,1,0,0,0,0,0,,,0,0,0,0,1,3,0,0,0,0,1,3,1,2,0,0,1,2
care-155,female,84,resident,1,0,0,0,0,0,,,0,0,1,3,0,0,1,1,1,2,0,0,1,2,1,3,0,0
care-156,male,90,resident,1,0,0,0,0,0,,,1,2,0,0,1,2,1,3,1,1,1,2,1,3,0,0,0,0
care-157,male,68,resident,1,0,0,0,0,0,,,0,0,0,0,1,1,1,2,0,0,0,0,1,3,1,2,0,0
care-158,male,73,resident,1,0,0,0,0,0,,,1,1,0,0,0,0,0,0,1,1,0,0,1,3,1,3,1,3
care-159,female,73,resident,1,0,0,1,0,0,20,11sep.2026,0,0,0,0,0,0,1,2,1,2,0,0,1,2,1,2,1,1
care-160,male,66,resident,1,0,0,0,0,0,,,1,3,0,0,1,2,0,0,1,1,0,0,1,3,0,0,1,1
care-161,female,67,resident,1,0,1,1,1,0,5,15sep.2026,1,3,1,3,0,0,0,0,1,3,0,0,1,2,0,0,0,0
care-162,female,190,resident,1,0,0,0,0,0,,,1,2,1,3,1,3,0,0,1,2,1,1,1,1,1,1,1,1
care-163,male,83,resident,1,1,1,1,0,1,5,14sep.2026,1,1,0,0,0,0,1,2,0,0,0,0,1,3,1,3,1,1
care-164,male,76,resident,1,0,0,1,0,0,13,14sep.2026,1,2,0,0,0,0,1,3,0,0,0,0,1,3,1,2,1,1
care-165,female,69,resident,1,1,1,1,1,0,6,15sep.2026,0,0,1,3,1,2,1,3,1,2,0,0,1,3,1,3,1,2
care-166,male,79,resident,1,0,0,0,0,0,,,1,3,0,0,0,0,1,2,1,3,0,0,1,3,1,2,1,1
care-167,female,88,resident,1,1,0,0,0,1,20,14sep.2026,1,2,1,3,1,3,1,2,0,0,0,0,1,1,0,0,1,1
